date,category,region,product,revenue,quantity,cost
2024-01-15,Electronics,North,Laptop,1200.00,5,800.00
2024-01-16,Electronics,South,Phone,800.00,10,500.00
2024-01-17,Furniture,East,Desk,450.00,3,300.00
2024-01-18,Electronics,West,Tablet,600.00,8,400.00
2024-01-19,Furniture,North,Chair,150.00,15,100.00
2024-02-15,Electronics,North,Laptop,1200.00,7,800.00
2024-02-16,Clothing,South,Shirt,50.00,25,30.00
2024-02-17,Furniture,East,Table,350.00,4,250.00
2024-02-18,Electronics,West,Monitor,400.00,6,280.00
2024-02-19,Clothing,North,Pants,80.00,20,50.00
2024-03-15,Electronics,South,Keyboard,120.00,12,70.00
2024-03-16,Furniture,East,Bookshelf,280.00,5,200.00
2024-03-17,Clothing,West,Jacket,150.00,8,90.00
2024-03-18,Electronics,North,Mouse,40.00,30,25.00
2024-03-19,Furniture,South,Cabinet,520.00,3,380.00
2024-04-15,Clothing,East,Dress,120.00,10,75.00
2024-04-16,Electronics,West,Webcam,90.00,15,55.00
2024-04-17,Furniture,North,Sofa,890.00,2,650.00
2024-04-18,Clothing,South,Shoes,110.00,18,70.00
2024-04-19,Electronics,East,Headphones,180.00,12,110.00
