{
  "total_records": 20,
  "date_range": {
    "start_date": "2024-01-15",
    "end_date": "2024-04-19"
  },
  "segments": [
    "Electronics",
    "Cabinet",
    "Monitor",
    "Jacket",
    "South",
    "Furniture",
    "Clothing",
    "Shirt",
    "Phone",
    "Laptop",
    "East",
    "North",
    "Keyboard",
    "West",
    "Mouse",
    "Shoes",
    "Table",
    "Tablet",
    "Headphones",
    "Pants",
    "Chair",
    "Dress",
    "Webcam",
    "Desk",
    "Bookshelf",
    "Sofa"
  ],
  "categories": [
    "category",
    "region",
    "product"
  ],
  "metrics": {
    "revenue": {
      "sum": 7780,
      "avg": 389,
      "min": 40,
      "max": 1200
    },
    "quantity": {
      "sum": 218,
      "avg": 10.9,
      "min": 2,
      "max": 30
    },
    "cost": {
      "sum": 5235,
      "avg": 261.75,
      "min": 25,
      "max": 800
    }
  },
  "last_updated": "2025-12-27T19:42:49.069199"
}